username,password_hash,last_login
c81e728d,d919c4d1537f0706eae7015b6b941bb82eedf2d967433ee619ea58a82eda53d6,2024-11-20 00:00:00
eccbc87e,6d7280c66d2a229d364ae46d5f9c279d123961c9260499334f9ab4e6c22d38af,2024-11-20 00:00:00
a87ff679,cd149e99991c8ffede89b5c9e4613437cc41cff01a32fc10264dff3c57b5684a,2024-11-20 00:00:00
e4da3b7f,c0c5e69c0d221d7495441a5b2b71a59a7795b173028fb49e13f13d6d6ac57427,2024-11-20 00:00:00
1679091c,ae0d9bc8fc023f00f2298cff749aceceef9fed7f9569a7e50e5048d38240d67f,2024-11-20 00:00:00
8f14e45f,1064473bd4daed5e72d0f78d86a97f8abf6a6c6ac6d7dff03a04025e50f28a14,2024-11-20 00:00:00
c9f0f895,447da2fdffb3a419a05959365000027a5c1fc96c5e007892a3dfa31894327e7d,2024-11-20 00:00:00
45c48cce,171c8ab2e7b09e1a9641f88fe6cdfd5c7af3d793568af289140992c6ba0e9c7a,2024-11-20 00:00:00
d3d94468,bbb028089def7fe9f27e5fd1fe4df86d0f19e7fc35a6eb76bdd4a0e44b404b3f,2024-11-20 00:00:00
6512bd43,23d14480d9cbd404e36d474b0897d50279f359c7b05bfc52962f6eb0c7e9370a,2024-11-20 00:00:00
c20ad4d7,93b35fcab0e178dd009a2ef7e1f0ca5560264d0acd1a189bf1ee99cba7579f73,2024-11-20 00:00:00
c51ce410,9e0d5dddda980fb208794c736441ce1d3869095c373cc8ad304e9563ec44d503,2024-11-20 00:00:00
aab32389,bc3dfbf24227474c1c01ca9a5462e65e327cf9c30ac95fcbdefb87e88c597bba,2024-11-20 00:00:00
9bf31c7f,306051fd2a5e161505bb672435b1dbfe1ee5b31e0063df57cb7f3313bd5de2c1,2024-11-20 00:00:00
c74d97b0,5791ab786188abd0e0bd4da020a71d90e9090fb83d99e0246a22898831a203d6,2024-11-20 00:00:00
70efdf2e,f9d32ae0caba9ad77b00202afa32fe95e8baa2d4f37455e6de83ea1794ea49cc,2024-11-20 00:00:00
6f4922f4,b8028094c366f454685520cd88d25be3e8db5afe0e3ef516fe1648ba6195083e,2024-11-20 00:00:00
1f0e3dad,34c24c9d1719ba62cc7d56126a47c3435749abcd02712280fffa54e4835cb865,2024-11-20 00:00:00
98f13708,86d597d9418741f112daa1ba0cd4a8a5eeb08cea32a0fe4f578829fe23945cca,2024-11-20 00:00:00
3c59dc04,90719e0cb2754abac4a2540e7d2e1ee673793b984c2840c45f9f3b31518cb46d,2024-11-20 00:00:00
b6d767d2,51a3837d4246e63e40f8bf9ea1faf1f9ee38b574866a633924f6fbcfa6bdd798,2024-11-20 00:00:00
37693cfc,b9a1c0eb1d32d3abbca57413313874c9b120a06dffd80833f2d770daf10424ed,2024-11-20 00:00:00
1ff1de77,e21ed2397b489a9205369244939ee37600e533d5363138663261b0a7217048a8,2024-11-20 00:00:00
8e296a06,7798fae9b0d078430d0948684e0817f8f69c341b2a2e619f7b32b4e00e6b1f40,2024-11-20 00:00:00
4e732ced,e0668e473cde3eab34bcb4d5bb2b7c252822f00319f7d13f8613608046933f01,2024-11-20 00:00:00
02e74f10,9b63a5fd708b5a1f98eef3327f6a0b61871e85536a30a37748afa69c6325bc9a,2024-11-20 00:00:00
33e75ff0,f143c8996eae2ee8db4941206ad450920133d77a64998058cb712f917fc7818e,2024-11-20 00:00:00
6ea9ab1b,f189c83f62da8d910fb099876c9d20b7632d9048d73f7c9a57926e1828f7ca6c,2024-11-20 00:00:00
34173cb3,f2fdb04a5f1976e894c2d6e7f04004a4d62440e059bc499fe35b3e0a1bb4a770,2024-11-20 00:00:00
c16a5320,02ce9d09ef4e2ae66e65d6a61d037686d5cb2abc2d0ef69e87b8c8ab9a7bdbb5,2024-11-20 00:00:00
6364d3f0,13f9febc5570bdf0c54ec510280fede6415d568c6967a0812338f6f0d5e63cd9,2024-11-20 00:00:00
182be0c5,2aa2b05be55d4ee605396c1b75daac99aea3b5ca870e34133a1c0ad7ca7c1c35,2024-11-20 00:00:00
e369853d,5ef360b1ba0e93d47f39c9a08bca4988eafa2099a01652e0a4e8cd1df99fad2c,2024-11-20 00:00:00
1c383cd3,6c20e9bb5a606e23308bd1af54085cd004bdee9116cb5bffe6b7dba07f6461ec,2024-11-20 00:00:00
19ca14e7,857f81cb7e607cda437635975fa95660d4e24200d20b3d700916134c16d02cc9,2024-11-20 00:00:00
a5bfc9e0,02c9f6011764cdee605e58374787252ef6b63a5a62025260ccda362980963514,2024-11-20 00:00:00
a5771bce,842484102290ec6f7dfd07296d8e9a2f02e16cd97b826d9b860a8b0aec1a44a9,2024-11-20 00:00:00
d67d8ab4,c7e4d8820579c2c5e684caa6a175147d98f27310d144bc08f019a948eda76342,2024-11-20 00:00:00
d645920e,026528139dd889f893d25ee0fcaa5b7c52100f91ccec4e203d0492481855812c,2024-11-20 00:00:00
3416a75f,629766ab66c8770d204213a5ff88a492066595a7483235ddf3a911be5fbf3b2e,2024-11-20 00:00:00
a1d0c6e8,7e7f73719b70793fd7dc66fa41714f3a3e29fc547e180db2bf9cdfcb475d9bbe,2024-11-20 00:00:00
17e62166,4d2362456f160019e89fbaac4c0bafb24c927ac5e45fcdc201b5f8b130f39335,2024-11-20 00:00:00
f7177163,a73737bfc33dda82b330c4d217e958772bde322c9b969bb548afd728a7e365f4,2024-11-20 00:00:00
6c8349cc,36ff2a810075f68b14aebf57ca7f9edd616332060ae40d21ff4101d05ae7ebc8,2024-11-20 00:00:00
d9d4f495,396a31327b007573f29bb43eddd58b16aa14cb89829982949320227229c264d2,2024-11-20 00:00:00
67c6a1e7,6d948e0c9b8be6ab975ddd12fbbedaa52ba1f70c7819d3bcd8dc0da93c131c76,2024-11-20 00:00:00
642e92ef,6ff6e995d319fa03c0cee2fbe0d45431e6bdea518e63917cb44c28e8144f516f,2024-11-20 00:00:00
f457c545,b044c370ebb957c86e939e205538b53cb741433ce17cd27a0d01226fd529189f,2024-11-20 00:00:00
c0c7c76d,0a3ac8ba7471807e9c0ded3524c953f0d1c0509ec95f33293da69d35329dcec6,2024-11-20 00:00:00
2838023a,f65446c336cd6cb08eadc5cec95358bfb62f63d779fcd7ec34751211d287805c,2024-11-20 00:00:00
9a115815,a4cb38df2e3282cccc92561ea8d9c2abd9564fe677cfcfc357e293e235d24420,2024-11-20 00:00:00
d82c8d16,5787185de426e28afb60a68b198fcb877643752c90f0728ce759f3553f82aafb,2024-11-20 00:00:00
a684ecee,e02953a592ab5499589fd98a3ecf3a4ad6ea239a6d227784f91e96e352d127d1,2024-11-20 00:00:00
b53b3a3d,674b0be8069e9b053ba85061d74646cab01ed2cde38f769c3109e20be45b6e1b,2024-11-20 00:00:00
9f61408e,89bf20270ac191b3c1eca00292a5efe9df1ef11defdc8a76491f0120558b559b,2024-11-20 00:00:00
72b32a1f,150804e7ba9675201fde77f4c81fd944b5e02b3ca85c9c6aaf18a3e2a3fe0900,2024-11-20 00:00:00
66f041e1,02751ea4ee62961110d8ec584e06f9e66b4345672280a9c89cef7b75fc15437f,2024-11-20 00:00:00
093f65e0,68aaccb69175ad6947fdcbdbd68b14cba903510b374573b3db72707f302078d3,2024-11-20 00:00:00
072b030b,cd4b319ddfb19a9f7903ec0fa3cba2f9a38ed937cf04f9b11d542afdf1433af8,2024-11-20 00:00:00
7f39f831,cbf21003dbbc22b1fdf9e4aa289f247ccfe440782ff354b64332cc94172598f8,2024-11-20 00:00:00
44f683a8,9f81dc0424ef204608fa0b972de6747c5fb59e54ab899374c903f01bf04eb16d,2024-11-20 00:00:00
03afdbd6,89b7a9f45035c6e649b405c021e65dfada17e6f257cc4859860d67089e3a867a,2024-11-20 00:00:00
ea5d2f1c,e3fd5a24834cbe4fb1361d11c062394a9c025773b400297d89522a8a4da5f80f,2024-11-20 00:00:00
fc490ca4,365c1e7b594558dbd2e98827b559e076d348b1d1f37e43dc33c3da03891c80ce,2024-11-20 00:00:00
3295c76a,690774914018397514a2988bcccf95f43b181915b7c3c6bc40296b9d30c7d1f1,2024-11-20 00:00:00
735b90b4,881a54978747c84275c53d160abdc049acaad9a495396aa858f1530b864d8774,2024-11-20 00:00:00
a3f390d8,fff1f02a9fc174e915575128659b990eabca5c8fc5799e8dd1f8720b9b573892,2024-11-20 00:00:00
14bfa6bb,04d4579752ad859c5f5a7042ddaa098b8565a78d29b00bbed937972d65dc6081,2024-11-20 00:00:00
7cbbc409,864ea3c83ad866c3a7efd80fca64808dccca3702c90f6dac97cd7f231b7700e1,2024-11-20 00:00:00
e2c420d9,383fc46363fb59bd03cf752a79ce955c5801569a6a5442be18b1a807458b0f07,2024-11-20 00:00:00
32bb90e8,6644fab2b2ce48e7c1169c2b6516f1a9f0021eb79ffc2abad5d79d5501415620,2024-11-20 00:00:00
d2ddea18,e9dc666fa0bb4e5cf0b9410cd6c40e367c593a488f014d92ca6c3e6083daa24c,2024-11-20 00:00:00
ad61ab14,f06ac1d3e964263f2d817606b4a28b4cbb7e07163df80dc197de5b4200870892,2024-11-20 00:00:00
d09bf415,8c009039919cfb38231314d9b58888ea58e577826ff735b010eb36ced5611466,2024-11-20 00:00:00
fbd7939d,671f6d061316f11c393cf61055ad4225139b8db87973d98252860d948231a17f,2024-11-20 00:00:00
28dd2c79,eabc2ebc8cc0f62570c10e5b9710c50cc7265ed9d89895bd33c3e72f05846ae4,2024-11-20 00:00:00
35f4a8d4,24b8f383d6797bcf5b16e67dfef8f53c6dccad6538ad72e5673f156168cce8cc,2024-11-20 00:00:00
d1fe173d,488b6643c6d1165c25365d12c89437e4a56814696b93d0b09698616597df2617,2024-11-20 00:00:00
f033ab37,757ee1c57e50a62634d846775748c1dfcb5891297bc9c01ef614e1f35f559c11,2024-11-20 00:00:00
43ec517d,418b14009c5c5d2d9eee8e7574436b36515b103c313788d95ce25d461c9cc4bb,2024-11-20 00:00:00
9778d5d2,c2834e11e96cf22cea90bb98c1aa7fac35a0dd5cbce0b15a32c3be8bc83d8e71,2024-11-20 00:00:00
fe9fc289,061dcce9d50e90fc5f54af290b1c70da2c8e12728d22b144c610674f01d8bc82,2024-11-20 00:00:00
68d30a95,bbf2aea56b0906ee910f906d83ec1c9ec2d81950bf4ddced829f04b1d9e29355,2024-11-20 00:00:00
3ef81541,05fdd0ba90a7c7e002c7fadbaeaa0ecae9d4bf8e2aefef26747acfcd7667d627,2024-11-20 00:00:00
93db85ed,11e957ca7d6651db4069e876cee379980b0d9d037c4fbb4ab9fc8bcd91519840,2024-11-20 00:00:00
c7e1249f,7c0a76c268deca555fcd1430e8dd5ee983b4bfd025e84169636de99323014a43,2024-11-20 00:00:00
2a38a4a9,6c3b349e7b466b371ad1eb5c14db25621c8730c3f1e17b546e391c05d1637afc,2024-11-20 00:00:00
7647966b,75abab627e44c29c7fa982fafe69daa96b4553d94d3cad7c86822c24a3be0f9e,2024-11-20 00:00:00
8613985e,9e95e90750e21750488fce7ab6884c54fd934101991d64c688c2b3050b78dc27,2024-11-20 00:00:00
54229abf,35a40aaae19e07de0c3955702819c367ec4d72bfea83d15374a70054c5061111,2024-11-20 00:00:00
92cc2275,a46cab5f09642e4cc1b24fb584468a9148c5dcf538c3d9886cb659d048015acd,2024-11-20 00:00:00
98dce83d,e6e499c704d481563c5c04e6dfa8cc5af6bd58c01ebc71711225214782a86305,2024-11-20 00:00:00
f4b9ec30,8fd5bcbc07cf7762d13492f9aa6a817a7eea6b6c200a63e0bdbbe1823d681e49,2024-11-20 00:00:00
812b4ba2,2b85af465d308d42a4715f2888eeffb6f71c9c9b43a2f2fb8cfe5a4a66f41852,2024-11-20 00:00:00
26657d5f,c60fc913e14ee935b99b7ea3e1b38294ced7ade16f07cf177e2d32dd65653fa0,2024-11-20 00:00:00
e2ef524f,333a79fde87936080632e1d84a4b726926fa9b73dd79785b917a5e77cbff477a,2024-11-20 00:00:00
ed3d2c21,cae2b1b3380f6f890c10161fbab268fe6723084148da7ee40c28b0ed2ed00404,2024-11-20 00:00:00
ac627ab1,2c8cefb45ebde34757c5150345bb9900231e60a913bf0ad846064d5271b1db3f,2024-11-20 00:00:00
f899139d,f33f932d258580f8402c0f6bdb006eb89bfa1451415530fcea65e09a1b32b92e,2024-11-20 00:00:00
c4ca4238,a97063a62cb808664e52be14cda240154acab655e89d872c4f6c67925bfe02b9,2024-11-20 00:00:00
